station,stationNumber
10th & U St NW,31111
Park Rd & Holmead Pl NW,31602
Calvert St & Woodley Pl NW,31106
20th St & Florida Ave NW,31110
Lamont & Mt Pleasant NW,31107
11th & Kenyon St NW,31102
17th & Corcoran St NW,31214
Florida Ave & R St NW,31503
14th & V St NW,31101
Georgia Ave and Fairmont St NW,31207
7th & T St NW,31109
Eastern Market Metro / Pennsylvania Ave & 7th St SE,31613
14th & Harvard St NW,31105
13th & D St NE,31622
Georgia & New Hampshire Ave NW,31400
15th & P St NW,31201
New York Ave & 15th St NW,31222
Lincoln Park / 13th & East Capitol St NE ,31619
C & O Canal & Wisconsin Ave NW,31225
S Glebe & Potomac Ave,31010
Potomac & Pennsylvania Ave SE,31606
Adams Mill & Columbia Rd NW,31104
14th & Rhode Island Ave NW,31203
14th St & Spring Rd NW,31401
Massachusetts Ave & Dupont Circle NW,31200
Convention Center / 7th & M St NW,31223
14th & D St SE,31607
18th & M St NW,31221
16th & Harvard St NW,31103
14th St Heights / 14th & Crittenden St NW,31402
5th St & K St NW,31600
Van Ness Metro / UDC,31300
4th St & Massachusetts Ave NW,31604
23rd & Crystal Dr,31011
8th & H St NW,31228
10th & Monroe St NE,31504
13th & H St NE,31611
17th & K St NW [formerly 17th & L St NW],31213
Wisconsin Ave & Macomb St NW,31302
18th & Hayes St,31004
27th & Crystal Dr,31009
1st & M St NE,31603
McPherson Square - 14th & H St NW,31216
5th & F St NW,31620
16th & U St NW,31229
14th & R St NW,31202
USDA / 12th & Independence Ave SW,31217
Columbus Circle / Union Station,31623
10th St & Constitution Ave NW,31219
4th & Adams St NE,31500
4th & M St SW,31108
4th & East Capitol St NE,31618
3rd & D St SE,31605
25th St & Pennsylvania Ave NW,31237
L'Enfant Plaza / 7th & C St SW,31218
19th & E Street NW,31206
20th & E St NW,31204
7th & Water St SW / SW Waterfront,31609
S Joyce & Army Navy Dr,31006
14th & G St NW,31238
19th St & Constitution Ave NW,31235
21st & I St NW,31205
Bladensburg Rd & Benning Rd NE,31617
Tenleytown / Wisconsin Ave & Albemarle St NW,31303
18th & Bell St,31007
21st & M St NW,31212
North Capitol St & F St NW,31624
Georgetown Harbor / 30th St NW,31215
20th & Crystal Dr,31002
34th St & Wisconsin Ave NW,31226
36th & Calvert St NW / Glover Park,31304
19th St & Pennsylvania Ave NW,31100
8th & Eye St SE / Barracks Row,31608
3rd & H St NE,31616
Eastern Market / 7th & North Carolina Ave SE,31610
John McCormack Dr & Michigan Ave NE,31502
Harvard St & Adams Mill Rd NW,31112
M St & New Jersey Ave SE,31208
Eckington Pl & Q St NE,31505
US Dept of State / Virginia Ave & 21st St NW,31220
19th & East Capitol St SE,31601
13th St & New York Ave NW,31227
Pennsylvania & Minnesota Ave SE,31805
1st & N ST SE,31209
15th & Hayes St,31005
Connecticut Ave & Newark St NW / Cleveland Park,31305
12th & Newton St NE,31501
Good Hope & Naylor Rd SE,31700
15th & Crystal Dr,31003
12th & Army Navy Dr,31008
19th & L St NW,31224
12th & Hayes St,31001
Kennedy Center,31211
23rd & Eads,31013
37th & O St NW / Georgetown University,31236
26th & Crystal Dr,31012
Ward Circle / American University,31301
Alta Bicycle Share Demonstration Station,31999
Good Hope Rd & MLK Ave SE,31802
Minnesota Ave Metro/DOES,31703
Anacostia Library,31804
20th & Bell St,31000
Randle Circle & Minnesota Ave NE,31702
Anacostia Metro,31801
Benning Branch Library,31705
Nannie Helen Burroughs & Minnesota Ave NE,31704
19th & New Hampshire Ave NW,31234
17th & K St NW / Farragut Square,31233
N Rhodes & 16th St N,31018
Metro Center / 12th & G St NW,31230
7th & F St NW / National Portrait Gallery,31232
Lynn & 19th St North,31014
14th & D St NW / Ronald Reagan Building,31231
4th & D St NW / Judiciary Square,31621
Rosslyn Metro / Wilson Blvd & Ft Myer Dr,31015
Clarendon Blvd & Pierce St,31016
Fairfax Village,31706
Branch & Pennsylvania Ave SE,31701
Birthday Station,31900
Columbia Rd & Belmont St NW,31113
6th & H St NE,31615
15th St & Massachusetts Ave SE,31626
7th & R St NW / Shaw Library,31245
Thomas Circle,31241
9th & Upshur St NW,31404
1st & Rhode Island Ave NW,31506
California St & Florida Ave NW,31116
Columbia Rd & Georgia Ave NW,31115
Wilson Blvd & Franklin Rd,31020
11th & H St NE,31614
M St & Pennsylvania Ave NW,31246
Wilson Blvd & N Edgewood St,31019
3rd & G St SE,31625
3000 Connecticut Ave NW / National Zoo,31307
Benning Rd & East Capitol St NE / Benning Rd Metro,31707
18th St & Pennsylvania Ave NW,31242
4th & E St SW,31244
17th & Rhode Island Ave NW,31239
N Highland St & Wilson Blvd,31022
Court House Metro / Wilson Blvd & N Uhle St,31017
N Fillmore St & Clarendon Blvd,31021
Congress Heights Metro,31806
Anacostia Ave & Benning Rd NE / River Terrace ,31708
California St & Florida Ave NW,31116
Jefferson Dr & 14th St SW,31247
New Hampshire Ave & T St NW,31229
Eastern Market / 7th & North Carolina Ave SE,31610
Lincoln Memorial,31258
New York Ave & 15th St NW,31222
Rosslyn Metro / Wilson Blvd & Ft Myer Dr,31015
7th & R St NW / Shaw Library,31245
12th & U St NW,31268
Columbus Circle / Union Station,31623
8th & H St NW,31228
Clarendon Metro / Wilson Blvd & N Highland St,31022
14th & V St NW,31101
18th St & Wyoming Ave NW,31114
14th & Rhode Island Ave NW,31203
11th & Kenyon St NW,31102
8th & East Capitol St NE,31629
S Joyce & Army Navy Dr,31006
20th & E St NW,31204
5th & K St NW,31600
Wisconsin Ave & O St NW,31312
M St & Delaware Ave NE,31627
16th & Harvard St NW,31103
Clarendon Blvd & Pierce St,31016
13th & H St NE,31611
14th & D St SE,31607
24th & N St NW,31255
Adams Mill & Columbia Rd NW,31104
USDA / 12th & Independence Ave SW,31217
Anacostia Ave & Benning Rd NE / River Terrace ,31708
Shady Grove Metro West,32045
Virginia Square Metro / N Monroe St & 9th St N,31024
11th & M St NW,31266
14th & Belmont St NW,31119
21st & M St NW,31212
Connecticut Ave & Tilden St NW,31313
Wilson Blvd & Franklin Rd,31020
7th & T St NW,31109
21st St & Pennsylvania Ave NW,31252
17th & K St NW / Farragut Square,31233
21st St & Constitution Ave NW,31261
Ballston Metro / N Stuart & 9th St N,31037
5th & F St NW,31620
4th & D St NW / Judiciary Square,31621
17th & K St NW,31213
11th & H St NE,31614
6th & H St NE,31615
Eisenhower Ave & Mill Race Ln,31082
Anacostia Library,31804
Van Ness Metro / UDC,31300
3rd & H St NW,31604
C & O Canal & Wisconsin Ave NW,31225
1st & N St  SE,31209
Lincoln Park / 13th & East Capitol St NE ,31619
20th & O St NW / Dupont South,31234
King Farm Blvd & Pleasant Dr,32037
19th & East Capitol St SE,31601
Lamont & Mt Pleasant NW,31107
D St & Maryland Ave NE,31612
Carroll & Ethan Allen Ave,32026
3rd St & Pennsylvania Ave SE,31269
3rd & G St SE,31625
12th & L St NW,31251
Gallaudet / 8th St & Florida Ave NE,31508
15th & Euclid St  NW,31117
New Jersey Ave & N St NW/Dunbar HS,31636
Calvert & Biltmore St NW,31106
Florida Ave & R St NW,31503
15th St & Massachusetts Ave SE,31626
4th & East Capitol St NE,31618
Georgia Ave & Emerson St NW,31405
5th St & Massachusetts Ave NW,31265
1st & Rhode Island Ave NW,31506
Massachusetts Ave & Dupont Circle NW,31200
39th & Veazey St NW,31308
Potomac & Pennsylvania Ave SE,31606
4th & E St SW,31244
13th & D St NE,31622
14th St Heights / 14th & Crittenden St NW,31402
19th & L St NW,31224
3000 Connecticut Ave NW / National Zoo,31307
North Capitol St & F St NW,31624
19th & K St NW,31253
Eastern Market Metro / Pennsylvania Ave & 7th St SE,31613
15th & F St NE,31632
Neal St & Trinidad Ave NE,31512
20th St & Florida Ave NW,31110
Thomas Circle,31241
N Adams St & Lee Hwy,31030
21st St N & N Pierce St,31093
King St Metro,31048
Columbia Rd & Belmont St NW,31113
Lee Hwy & N Scott St,31080
1st & K St SE,31628
17th & Corcoran St NW,31214
14th St & Spring Rd NW,31401
17th & Rhode Island Ave NW,31239
10th & Florida Ave NW,31120
8th & Eye St SE / Barracks Row,31608
Pennsylvania & Minnesota Ave SE,31805
Fenton St & Gist Ave,32024
Rhode Island Ave Metro,31516
14th & Harvard St NW,31105
11th & S St NW,31280
N Pershing Dr & Wayne St,31065
4th & M St SW,31108
Washington & Independence Ave SW/HHS,31272
15th & P St NW,31201
S Troy St & 26th St S,31056
Convention Center / 7th & M St NW,31223
Connecticut Ave & Newark St NW / Cleveland Park,31305
Connecticut & Nebraska Ave NW,31310
1st & M St NE,31603
8th & F St NE,31631
Clarendon Blvd & N Fillmore St,31021
Arlington Blvd & N Queen St,31051
2nd & G St NE,31639
15th & East Capitol St NE,31630
3rd & H St NE,31616
39th & Calvert St NW / Stoddert,31306
Georgia & New Hampshire Ave NW,31400
25th St & Pennsylvania Ave NW,31237
Park Rd & Holmead Pl NW,31602
Hamlin & 7th St NE,31514
Columbia Rd & Georgia Ave NW,31115
9th & Upshur St NW,31404
11th & F St NW,31262
14th & Upshur St NW,31406
Smithsonian / Jefferson Dr & 12th St SW,31248
N Rhodes & 16th St N,31018
14th & R St NW,31202
Crystal City Metro / 18th & Bell St,31007
McKinley St & Connecticut Ave NW,31315
Rhode Island Ave & V St NE,31513
21st & I St NW,31205
10th & K St NW,31263
3rd & Tingey St SE,31634
Fort Totten Metro,31515
22nd & I St NW / Foggy Bottom,31257
23rd & E St NW ,31260
19th & G St NW,31279
Benning Rd & East Capitol St NE / Benning Rd Metro,31707
Mount Vernon Ave & Kennedy St,31088
3rd & D St SE,31605
10th & E St NW,31256
North Capitol St & G Pl NE,31637
3rd & Elm St NW,31118
18th & R St NW,31278
Central Library / N Quincy St & 10th St N,31025
John McCormack Dr & Michigan Ave NE,31502
10th & Monroe St NE,31504
28th St S & S Meade St,31055
17th St & Massachusetts Ave NW,31267
Bladensburg Rd & Benning Rd NE,31617
New Hampshire Ave & 24th St NW,31275
Constitution Ave & 2nd St NW/DOL,31271
10th & U St NW,31111
L'Enfant Plaza / 7th & C St SW,31218
N Quincy St & Wilson Blvd,31039
Eckington Pl & Q St NE,31505
15th & N Scott St,31031
Commerce St & Fayette St,31045
Montgomery & East Ln,32013
15th & Crystal Dr,31003
Columbia Pike & S Orme St,31066
Mount Vernon Ave & E Nelson Ave,31085
Good Hope Rd & MLK Ave SE,31802
N Veitch  & 20th St N,31029
S Four Mile Run Dr & S Shirlington Rd,31057
Lynn & 19th St North,31014
1st & H St NW,31638
Tenleytown / Wisconsin Ave & Albemarle St NW,31303
23rd & Eads St,31013
Barton St & 10th St N,31050
Maryland & Independence Ave SW,31243
Braddock Rd Metro,31047
4th & W St NE,31500
New Jersey Ave & R St NW,31509
5th & Kennedy St NW,31403
Washington Adventist U / Flower Ave & Division St,32049
Columbia Pike & S Courthouse Rd,31053
Prince St & Union St,31041
Fairfax Dr & Wilson Blvd,31023
18th St & Pennsylvania Ave NW,31242
S Arlington Mill Dr & Campbell Ave,31060
Metro Center / 12th & G St NW,31230
8th & D St NW,31270
M St & Pennsylvania Ave NW,31246
14th & D St NW / Ronald Reagan Building,31231
14th St & New York Ave NW,31216
37th & O St NW / Georgetown University,31236
N Randolph St & Fairfax Dr,31034
Fallsgrove Dr & W Montgomery Ave,32016
Takoma Metro,31408
13th St & Eastern Ave,32006
N Nelson St & Lee Hwy,31092
Calvert St & Woodley Pl NW,31121
King St & Patrick St,31044
Iwo Jima Memorial/N Meade & 14th St N,31077
34th & Water St NW,31314
S Joyce & 16th St S,31091
34th St & Minnesota Ave SE,31709
8th & F St NW,31232
Potomac Greens Dr & Slaters Ln,31083
Wilson Blvd & N Oakland St,31033
12th & Irving St NE,31511
12th & Army Navy Dr,31008
Potomac Ave & 35th St S,31052
George Mason Dr & Wilson Blvd,31036
1st & Washington Hospital Center NW,31507
TJ Cmty Ctr / 2nd St & S Old Glebe Rd,31074
Nannie Helen Burroughs & Minnesota Ave NE,31704
6th St & Indiana Ave NW,31264
Pershing & N George Mason Dr,31069
Friendship Blvd & Willard Ave,32040
34th St & Wisconsin Ave NW,31226
18th & Eads St.,31001
15th & L St NW,31276
Philadelphia & Maple Ave,32010
14th St & Colorado Ave NW,31407
Ohio Dr & West Basin Dr SW / MLK & FDR Memorials,31240
Jefferson Memorial,31249
36th & Calvert St NW / Glover Park,31304
Spring St & Second Ave,32050
Maple & Ritchie Ave,32011
Cordell & Norfolk Ave,32008
Monroe Ave & Leslie Ave,31087
Wisconsin Ave & Newark St NW,31302
23rd & Crystal Dr,31011
Aurora Hills Community Ctr/18th & Hayes St,31004
Wilson Blvd & N Uhle St,31017
N Quincy St & Glebe Rd,31035
Washington Blvd & 10th St N,31026
Old Georgetown Rd & Southwick St,32039
US Dept of State / Virginia Ave & 21st St NW,31220
14th & G St NW,31238
19th St & Constitution Ave NW,31235
Court House Metro / 15th & N Uhle St ,31089
10th St & Constitution Ave NW,31219
Bethesda Ave & Arlington Rd,32002
Taft St & E Gude Dr,32031
18th & M St NW,31221
6th & Water St SW / SW Waterfront,31609
Needwood Rd & Eagles Head Ct,32018
Georgetown Harbor / 30th St NW,31215
River Rd & Landy Ln,32046
Frederick Ave & Horners Ln,32009
Pleasant St & MLK Ave SE,31807
Veterans Pl & Pershing Dr ,32043
Key Blvd & N Quinn St,31027
17th & G St NW,31277
Silver Spring Metro/Colesville Rd & Wayne Ave,32012
Saint Asaph St & Pendleton  St,31043
Ward Circle / American University,31301
Harvard St & Adams Mill Rd NW,31112
26th & S Clark St,31012
27th & Crystal Dr,31009
M St & New Jersey Ave SE,31208
Columbia Pike & S Walter Reed Dr,31067
MLK Library/9th & G St NW,31274
Glebe Rd & 11th St N,31038
Wilson Blvd & N Edgewood St,31019
Army Navy Dr & S Nash St,31095
Pentagon City Metro / 12th & S Hayes St,31005
Rockville Metro East,32044
Arlington Blvd & Fillmore St,31070
Bethesda Metro,32048
Potomac Ave & 8th St SE,31635
Lee Hwy & N Kirkwood Rd,31094
Offutt Ln & Chevy Chase Dr,32029
Battery Ln & Trolley Trail,32027
13th St & New York Ave NW,31227
Good Hope Rd & 14th St SE,31803
Norfolk Ave & Fairmont St,32000
31st & Woodrow St S,31072
12th & Newton St NE,31501
20th & L St NW,31250
Lee Hwy & N Cleveland St,31079
N Veitch & Key Blvd,31028
Washington Blvd & 7th St N,31032
20th & Bell St,31000
Independence Ave & L'Enfant Plaza SW/DOE,31633
20th St & Virginia Ave NW,31259
6th & S Ball St,31090
Utah St & 11th St N ,31049
Rolfe St & 9th St S,31075
Market Square / King St & Royal St,31042
Rockville Metro West,32047
Anacostia Metro,31801
Fenton St & New York Ave ,32001
Norfolk & Rugby Ave,32028
Carroll & Westmoreland Ave,32025
20th & Crystal Dr,31002
Georgia Ave and Fairmont St NW,31207
Good Hope & Naylor Rd SE,31700
S Glebe & Potomac Ave,31010
Fairfax Dr & Kenmore St,31040
Friendship Hts Metro/Wisconsin Ave & Wisconsin Cir,32014
19th St & Pennsylvania Ave NW,31100
Ripley & Bonifant St,32034
15th & K St NW,31254
Kennedy Center,31211
Union Market/6th St & Neal Pl NE,31517
S Oakland St & Columbia Pike,31058
Mount Vernon Ave & E Del Ray Ave,31086
Georgia Ave & Spring St,32035
19th & E Street NW,31206
Ballenger Ave & Dulaney St,31084
Hains Point/Buckeye & Ohio Dr SW,31273
Arlington Blvd & S George Mason Dr/NFATC,31078
Fessenden St & Wisconsin Ave NW,31309
Fenton St & Ellsworth Dr ,32036
Fairfax Village,31706
Duke St & John Carlyle St,31081
Montgomery Ave & Waverly St ,32003
Walter Reed Community Center / Walter Reed Dr & 16th St S,31054
E Montgomery Ave & Maryland Ave,32007
King Farm Blvd & Piccard Dr,32038
Columbia Pike & S Dinwiddie St / Arlington Mill Community Center,31068
Washington Blvd & Walter Reed Dr ,31073
Crabbs Branch Way & Calhoun Pl,32020
Long Bridge Park/Long Bridge Dr & 6th St S,31071
Henry St & Pendleton St,31046
47th & Elm St,32021
18th St & Rhode Island Ave NE,31510
Crabbs Branch Way & Redland Rd,32015
S George Mason Dr & Four Mile Run,31063
Piccard & W Gude Dr,32033
Shirlington Transit Center / S Quincy & Randolph St,31076
Montgomery College/W Campus Dr & Mannakee St,32023
S Walter Reed Dr & 8th St S,31096
Branch & Pennsylvania Ave SE,31701
East West Hwy & Blair Mill Rd,32019
Minnesota Ave Metro/DOES,31703
Monroe St & Monroe Pl,32017
S Kenmore & 24th St S,31061
Garland Ave & Walden Rd,32022
Shady Grove Hospital,32042
S Four Mile Run & Walter Reed Dr,31059
S Stafford & 34th St S,31064
Congress Heights Metro,31806
S George Mason Dr & 13th St S,31062
Randle Circle & Minnesota Ave SE,31702
Benning Branch Library,31705
Traville Gateway Dr & Gudelsky Dr,32005
Deanwood Rec Center,31711
Fleet St & Ritchie Pkwy,32032
Medical Center Dr & Key West Ave,32041
Fallsgrove Blvd & Fallsgrove Dr,32004
Alabama & MLK Ave SE,31800
Nannie Helen Burroughs Ave & 49th St NE,31710
8th & O St NW,31281
Broschart & Blackwell Rd,32030
Georgia & Missouri Ave NW,31411
Oklahoma Ave & D St NE,31712
New York Ave & Hecht Ave NE,31518
7th & F St NW / National Portrait Gallery,31232
16th & Irving St NW,31122
16th & R St NW,31282
King St Metro South,31048
Maryland Ave & E St NE,31640
Wisconsin Ave & Ingomar St NW,31317
Medical Center Metro ,32053
Lee Hwy & N Adams St,31030
Saint Asaph & Madison St,31097
Yuma St & Tenley Circle NW,31316
King St Metro North / Cameron St,31098
Lee Hwy & N Woodstock St,31900
Washington Blvd & N Frederick St,31901
Madison & N Henry St,31099
Key West Ave & Siesta Key Way,32052
Wilson Blvd & N Illinois St ,31902
Connecticut Ave & Chevy Chase Lake Dr,32051
Lee Hwy & N Nelson St,31092
Eads St & 15th St S,31000
Lyttonsville Rd & Lyttonsville Pl,32054
Woodmont Ave & Strathmore St,32055
14th & L St NW,31283
1st & O St NW,31519
South Capitol & Atlantic St SW,31811
18th & C St NW,31284
22nd & P ST NW,31285
East West Hwy & 16th St,32056
Royal & Wilkes St,31903
14th & Girard St NW,31123
10th St & L'Enfant Plaza SW,31287
11th & O St NW,31286
Connecticut Ave & Yuma St NW,31318
2nd St & Massachusetts Ave NE,31641
East Falls Church Metro/Sycamore St & 19th St N,31904
Commonwealth Ave & Oak St,31906
Commonwealth & E Monroe Ave,31913
Potomac Ave & Main Line Blvd,31910
Radford & Osage St,31908
4th St & Madison Dr NW,31288
17th St & Independence Ave SW,31290
Henry Bacon Dr & Lincoln Memorial Circle NW,31289
14th & Irving St NW,31124
33rd & Water St NW,31314
Powhatan St & Bashford Ln,31915
16th & K St NW,31291
Mount Vernon Ave & Bruce St,31912
Wilson Blvd & N Quincy St,31039
Franklin & S Washington St,31907
Potomac & Swann Ave,31916
Lee Center,31914
New Jersey Ave & L St NW,31642
Lee Hwy & N Monroe St,31092
Mount Vernon Ave & Four Mile Run Park,31909
Division Ave & Foote St NE,31713
1st & D St SE,31643
Wisconsin Ave & Brandywine St NW,31319
Kennebec St & 11th St N,31905
24th & R St NE / National Arboretum,31520
16th & Q St SE / Anacostia HS,31812
7th & F St NW/Portrait Gallery,31232
Smithsonian-National Mall / Jefferson Dr & 12th St SW,31248
12th St & Pennsylvania Ave SE,31644
6th & K St NE,31645
Madison & Fairfax St,31918
Reston Station,32215
4th & Kennedy St NW,31403
10th & G St NW,31274
Tysons West Transit Center,32208
22nd St & Constitution Ave NW,31292
Greensboro & International Dr,32221
Tysons Corner Station,32204
N Lynn St & Fairfax Dr,31917
Sunset Hills & Old Reston Ave,32213
3rd St & Riggs Rd NE,31412
Carlin Springs Rd & N Thomas St,31919
Reston Town Center Transit Station,32214
Reston YMCA,32219
Sligo Ave & Carroll Ln,32058
Town Center Pkwy & Bowman Towne Dr,32210
Westpark & Park Run Dr,32207
New Dominion Pkwy & Fountain Dr,32212
Library St & Freedom Dr,32216
Temporary Rd & Old Reston Ave,32218
Westpark Dr & Leesburg Pike,32201
Westpark & Jones Branch Dr,32205
61st St & Banks Pl NE,31714
Towers Crescent Dr & Tysons One Pl,32222
Spring Hill Metro,32200
Jones Branch & Westbranch Dr,32206
Solutions & Greensboro Dr,32202
Reston Regional Library,32211
15th & W St NW,31125
31st & Water St NW,31293
7th & E St SW,31294
Wheaton Metro/Georgia Ave & Reedie Dr,32062
Barcroft Community Center,31033
18th & Monroe St NE,31521
Grandview & Blueridge Ave,32065
Georgia Ave & Piney Branch Rd NW,31414
Sunset Hills Rd & Discovery Square,32217
New Hampshire & Kirklynn Ave,32061
Amherst Ave & Elkins St,32063
3rd & Underwood St NW,31413
Tysons One Pl & Chain Bridge Rd,32203
North Shore Dr & Village Rd,32223
North Shore & Cameron Crescent Dr/Crescent Apartments,32209
Amherst Ave & Prichard Rd,32064
Windham Ln & Amherst Ave,32066
Pooks Hill Rd & Linden Ave,32057
Takoma Park Rec Center,32059
